measurement_time,gadget_id,vibration_x,vibration_y,pressure,temperature,Unnamed: 10,Unnamed: 11
2020-07-15 00:00:00.000,1,3,7,16.0,44.11443745756288,,
2020-07-15 01:00:00.000,1,8,3,12.0,34.39517696325616,,
2020-07-15 01:59:59.990,1,10,8,20.0,38.28070467723367,,
2020-07-15 02:59:59.985,1,6,5,20.0,41.878214808705465,,
2020-07-15 03:59:59.980,1,6,9,16.0,39.25726754585524,,
2020-07-15 04:59:59.975,1,2,6,10.0,38.927343243973965,,
2020-07-15 05:59:59.970,1,8,10,10.0,36.82630957111057,,
2020-07-15 06:59:59.965,1,9,5,17.0,30.692898266995975,,
2020-07-15 07:59:59.960,1,5,1,15.0,31.92522857119148,,
2020-07-15 08:59:59.955,1,5,7,19.0,25.326402161907588,,
2020-07-15 09:59:59.950,1,7,5,17.0,31.09184217311754,,
2020-07-15 10:59:59.945,1,10,9,15.0,33.09886139859808,,
2020-07-15 11:59:59.940,1,10,8,16.0,23.95271560949614,,
2020-07-15 12:59:59.935,1,5,3,19.0,24.413577563209273,,
2020-07-15 13:59:59.930,1,10,10,15.0,23.6213658202997,,
2020-07-15 14:59:59.925,1,10,2,15.0,20.930402998508224,,
2020-07-15 15:59:59.920,1,8,10,11.0,28.282488729373352,,
2020-07-15 16:59:59.915,1,1,4,15.0,18.41196276409974,,
2020-07-15 17:59:59.910,1,6,6,16.0,17.58070228637685,,
2020-07-15 18:59:59.905,1,7,2,11.0,24.41224072825043,,
2020-07-15 19:59:59.900,1,4,1,11.0,23.14160875622738,,
2020-07-15 20:59:59.895,1,6,7,15.0,13.982764643035035,,
2020-07-15 21:59:59.890,1,4,2,12.0,19.382635389334528,,
2020-07-15 22:59:59.885,1,5,1,10.0,12.455198801581314,,
2020-07-15 23:59:59.880,1,5,10,17.0,37.58027235815755,,
2020-07-16 00:59:59.875,1,9,9,13.0,33.27264754916507,,
2020-07-16 01:59:59.870,1,3,7,18.0,32.9891843223554,,
2020-07-16 02:59:59.865,1,7,5,14.0,35.45440361178271,,
2020-07-16 03:59:59.860,1,9,10,14.0,40.020258130540725,,
2020-07-16 04:59:59.855,1,5,4,19.0,37.06106469494229,,
2020-07-16 05:59:59.850,1,4,3,19.0,32.76318965305212,,
2020-07-16 06:59:59.845,1,7,3,12.0,37.58446552737624,,
2020-07-16 07:59:59.840,1,7,1,20.0,30.330938565368726,,
2020-07-16 08:59:59.835,1,3,7,14.0,27.849688390603774,,
2020-07-16 09:59:59.830,1,1,2,12.0,29.050981057710644,,
2020-07-16 10:59:59.825,1,4,6,17.0,29.267604211794207,,
2020-07-16 11:59:59.820,1,6,10,19.0,31.14050163003844,,
2020-07-16 12:59:59.815,1,6,4,19.0,21.0610462488863,,
2020-07-16 13:59:59.810,1,4,2,18.0,30.368181109563814,,
2020-07-16 14:59:59.805,1,7,1,19.0,23.905529370020677,,
2020-07-16 15:59:59.800,1,7,9,11.0,26.59095662302744,,
2020-07-16 16:59:59.795,1,10,7,13.0,25.063293518496188,,
2020-07-16 17:59:59.790,1,1,8,20.0,17.262817405175333,,
2020-07-16 18:59:59.785,1,1,10,18.0,17.52043468394359,,
2020-07-16 19:59:59.780,1,3,2,17.0,21.779283535526837,,
2020-07-16 20:59:59.775,1,7,3,10.0,21.516433439388344,,
2020-07-16 21:59:59.770,1,9,4,19.0,16.29157987801581,,
2020-07-16 22:59:59.765,1,4,2,12.0,13.286106920670237,,
2020-07-16 23:59:59.760,1,8,10,18.0,35.071954502984156,,
2020-07-17 00:59:59.755,1,7,10,15.0,43.21058386617979,,
2020-07-17 01:59:59.750,1,1,7,15.0,41.44625946492248,,
2020-07-17 02:59:59.745,1,8,9,12.0,36.05460480540969,,
2020-07-17 03:59:59.740,1,5,5,14.0,32.113803948996825,,
2020-07-17 04:59:59.735,1,2,6,20.0,29.702716369371522,,
2020-07-17 05:59:59.730,1,8,1,16.0,29.427528468227482,,
2020-07-17 06:59:59.725,1,7,7,10.0,34.553897169885076,,
2020-07-17 07:59:59.720,1,9,4,11.0,34.98218533960417,,
2020-07-17 08:59:59.715,1,1,8,16.0,27.718843042491507,,
2020-07-17 09:59:59.710,1,4,9,14.0,30.18666907677856,,
2020-07-17 10:59:59.705,1,4,6,17.0,33.82984488851669,,
2020-07-17 11:59:59.700,1,9,7,11.0,26.93143246514923,,
2020-07-17 12:59:59.695,1,2,4,10.0,21.292871032521255,,
2020-07-17 13:59:59.690,1,1,9,16.0,20.071015625684915,,
2020-07-17 14:59:59.685,1,6,4,18.0,23.060524611420753,,
2020-07-17 15:59:59.680,1,4,5,20.0,18.946608931698304,,
2020-07-17 16:59:59.675,1,6,5,13.0,19.25632802405131,,
2020-07-17 17:59:59.670,1,4,8,18.0,25.568709719133672,,
2020-07-17 18:59:59.665,1,5,1,10.0,20.766889697846448,,
2020-07-17 19:59:59.660,1,3,2,19.0,17.93766851273242,,
2020-07-17 20:59:59.655,1,7,4,15.0,15.56597013919805,,
2020-07-17 21:59:59.650,1,6,2,20.0,14.299001488209381,,
2020-07-17 22:59:59.645,1,3,5,18.0,11.463146572251041,,
2020-07-17 23:59:59.640,1,8,3,15.0,42.96685250138778,,
2020-07-18 00:59:59.635,1,9,5,20.0,41.8933345253309,,
2020-07-18 01:59:59.630,1,4,3,11.0,41.978439426467446,,
2020-07-18 02:59:59.625,1,10,3,10.0,31.08456144601171,,
2020-07-18 03:59:59.620,1,8,3,16.0,34.2616472938846,,
2020-07-18 04:59:59.615,1,7,9,18.0,31.528377396404654,,
2020-07-18 05:59:59.610,1,9,4,16.0,29.947776940663434,,
2020-07-18 06:59:59.605,1,7,3,12.0,34.71779327895514,,
2020-07-18 07:59:59.600,1,8,3,20.0,30.889208545683445,,
2020-07-18 08:59:59.595,1,3,5,12.0,32.16862089044488,,
2020-07-18 09:59:59.590,1,2,4,20.0,29.062511096888933,,
2020-07-18 10:59:59.585,1,2,4,17.0,33.14090502278157,,
2020-07-18 11:59:59.580,1,7,5,11.0,27.6529476527135,,
2020-07-18 12:59:59.575,1,8,7,18.0,30.33909794740419,,
2020-07-18 13:59:59.570,1,8,1,14.0,29.52146533941218,,
2020-07-18 14:59:59.565,1,4,8,18.0,19.420625118712906,,
2020-07-18 15:59:59.560,1,3,4,19.0,21.178267745859436,,
2020-07-18 16:59:59.555,1,4,7,12.0,22.97724169185127,,
2020-07-18 17:59:59.550,1,4,9,18.0,17.857314414713684,,
2020-07-18 18:59:59.545,1,3,5,19.0,15.370641179365352,,
2020-07-18 19:59:59.540,1,1,7,20.0,14.40681820842209,,
2020-07-18 20:59:59.535,1,5,1,15.0,17.82202473839646,,
2020-07-18 21:59:59.530,1,1,2,12.0,12.464089777959396,,
2020-07-18 22:59:59.525,1,4,3,17.0,15.23580794763162,,
2020-07-18 23:59:59.520,1,10,1,13.0,37.196852356883426,,
2020-07-19 00:59:59.515,1,6,1,17.0,38.3580041427071,,
2020-07-19 01:59:59.510,1,5,6,12.0,33.32000235737172,,
2020-07-19 02:59:59.505,1,1,7,16.0,35.457732121339646,,
2020-07-19 03:59:59.505,1,8,6,19.0,39.97837892324351,,
2020-07-19 04:59:59.505,1,9,4,17.0,30.85756361440523,,
2020-07-19 05:59:59.505,1,8,6,10.0,30.610822442904166,,
2020-07-19 06:59:59.505,1,6,1,11.0,33.479030088035515,,
2020-07-19 07:59:59.505,1,5,6,20.0,33.11946043046163,,
2020-07-19 08:59:59.505,1,10,3,16.0,28.26068374593017,,
2020-07-19 09:59:59.505,1,4,3,19.0,30.332897428651414,,
2020-07-19 10:59:59.505,1,5,2,15.0,24.988565186756972,,
2020-07-19 11:59:59.505,1,5,4,13.0,22.755565896091245,,
2020-07-19 12:59:59.505,1,2,3,10.0,31.60285986339725,,
2020-07-19 13:59:59.505,1,3,8,10.0,23.169417694154586,,
2020-07-19 14:59:59.505,1,10,5,18.0,24.503324362707154,,
2020-07-19 15:59:59.505,1,8,5,20.0,19.836435936184586,,
2020-07-19 16:59:59.505,1,6,2,16.0,24.08129884038813,,
2020-07-19 17:59:59.505,1,5,1,16.0,22.553429104246216,,
2020-07-19 18:59:59.505,1,5,10,11.0,21.78264462789186,,
2020-07-19 19:59:59.505,1,10,5,18.0,23.940871487892956,,
2020-07-19 20:59:59.505,1,9,5,13.0,16.718100944308006,,
2020-07-19 21:59:59.505,1,8,6,11.0,16.17590418939718,,
2020-07-19 22:59:59.505,1,3,5,13.0,17.372511145268508,,
2020-07-19 23:59:59.505,1,7,6,10.0,37.97002412316023,,
2020-07-20 00:59:59.505,1,7,5,18.0,40.879805856843355,,
2020-07-20 01:59:59.505,1,7,7,19.0,41.46629463200523,,
2020-07-20 02:59:59.505,1,1,10,12.0,36.15924829535341,,
2020-07-20 03:59:59.505,1,4,2,10.0,36.347919806661665,,
2020-07-20 04:59:59.505,1,5,5,12.0,36.085421083564114,,
2020-07-20 05:59:59.505,1,9,2,17.0,33.253412545124206,,
2020-07-20 06:59:59.505,1,3,4,10.0,27.545703552601353,,
2020-07-20 07:59:59.505,1,9,9,15.0,31.212449063319863,,
2020-07-20 08:59:59.505,1,8,9,11.0,25.09364710141128,,
2020-07-20 09:59:59.505,1,10,8,14.0,25.63853474654023,,
2020-07-20 10:59:59.505,1,2,6,17.0,27.68936899292162,,
2020-07-20 11:59:59.505,1,9,4,17.0,29.437680944374403,,
2020-07-20 12:59:59.505,1,9,6,20.0,27.765585042410848,,
2020-07-20 13:59:59.505,1,8,6,12.0,20.226831844132978,,
2020-07-20 14:59:59.505,1,8,3,14.0,29.490261959075603,,
2020-07-20 15:59:59.505,1,8,4,20.0,19.43934251036536,,
2020-07-20 16:59:59.505,1,2,8,19.0,21.912945058756673,,
2020-07-20 17:59:59.505,1,10,7,12.0,20.850153824733745,,
2020-07-20 18:59:59.505,1,2,4,10.0,20.928650813716285,,
2020-07-20 19:59:59.505,1,8,7,17.0,19.021747209927074,,
2020-07-20 20:59:59.505,1,4,1,19.0,18.494874010423377,,
2020-07-20 21:59:59.505,1,3,9,16.0,21.379615184540548,,
2020-07-20 22:59:59.505,1,9,3,11.0,18.365804095133452,,
2020-07-20 23:59:59.505,1,2,3,15.0,41.14552135136297,,
2020-07-21 00:59:59.505,1,8,7,14.0,38.902694876210376,,
2020-07-21 01:59:59.505,1,3,3,11.0,32.277054046002604,,
2020-07-21 02:59:59.505,1,5,4,12.0,36.784729566386474,,
2020-07-21 03:59:59.505,1,4,4,19.0,36.964447091541516,,
2020-07-21 04:59:59.505,1,5,3,20.0,39.405950153605176,,
2020-07-21 05:59:59.505,1,3,8,16.0,32.39436481304671,,
2020-07-21 06:59:59.505,1,3,10,14.0,35.63120041359626,,
2020-07-21 07:59:59.505,1,2,9,10.0,26.048766208803013,,
2020-07-21 08:59:59.505,1,7,5,18.0,25.156323973228872,,
2020-07-21 09:59:59.505,1,1,6,16.0,26.16793482119921,,
2020-07-21 10:59:59.505,1,2,1,15.0,27.2862288857589,,
2020-07-21 11:59:59.505,1,1,1,10.0,26.66867893048304,,
2020-07-21 12:59:59.505,1,7,6,16.0,21.143661210043916,,
2020-07-21 13:59:59.505,1,7,4,14.0,22.976603345261157,,
2020-07-21 14:59:59.505,1,6,7,20.0,24.582622953315038,,
2020-07-21 15:59:59.505,1,3,6,12.0,24.223790833528476,,
2020-07-21 16:59:59.505,1,4,1,18.0,19.047609247276355,,
2020-07-21 17:59:59.505,1,3,6,17.0,20.308914925896687,,
2020-07-21 18:59:59.505,1,3,7,13.0,22.69932673101209,,
2020-07-21 19:59:59.505,1,4,1,17.0,22.521545145779008,,
2020-07-21 20:59:59.505,1,10,6,14.0,22.740436693104577,,
2020-07-21 21:59:59.505,1,4,2,12.0,16.359486400285494,,
2020-07-21 22:59:59.505,1,6,5,12.0,11.77368785002281,,
2020-07-15 00:00:00.000,2,3,10,16.0,22.3,,
2020-07-15 01:00:00.000,2,4,5,15.0,23.312632849284796,,
2020-07-15 01:59:59.990,2,6,1,12.0,21.996898791075107,,
2020-07-15 02:59:59.985,2,9,5,12.0,27.15141939545927,,
2020-07-15 03:59:59.980,2,9,4,16.0,30.69978299823541,,
2020-07-15 04:59:59.975,2,4,4,17.0,32.760785155205845,,
2020-07-15 05:59:59.970,2,4,1,16.0,32.39692172684052,,
2020-07-15 06:59:59.965,2,8,9,15.0,35.6421359980944,,
2020-07-15 07:59:59.960,2,2,4,16.0,36.2965980319595,,
2020-07-15 08:59:59.955,2,3,6,15.0,40.63762881343811,,
2020-07-15 09:59:59.950,2,5,6,12.0,39.03661204399334,,
2020-07-15 10:59:59.945,2,3,5,12.0,43.08358429311871,,
2020-07-15 11:59:59.940,2,8,4,16.0,44.702197643828654,,
2020-07-15 12:59:59.935,2,6,1,17.0,41.84826431684026,,
2020-07-15 13:59:59.930,2,3,2,16.0,47.97861692183126,,
2020-07-15 14:59:59.925,2,7,3,15.0,50.560237106960585,,
2020-07-15 15:59:59.920,2,6,10,16.0,54.790418418953415,,
2020-07-15 16:59:59.915,2,9,5,15.0,58.432438825665784,,
2020-07-15 17:59:59.910,2,1,3,12.0,64.33785934096119,,
2020-07-15 18:59:59.905,2,7,8,12.0,70.53040690838282,,
2020-07-15 19:59:59.900,2,7,4,16.0,71.4643253660148,,
2020-07-15 20:59:59.895,2,8,7,17.0,73.8780016562775,,
2020-07-15 21:59:59.890,2,3,9,16.0,74.90774253905204,,
2020-07-15 22:59:59.885,2,8,8,15.0,77.49526473130179,,
2020-07-15 23:59:59.880,2,8,6,16.0,76.18542850944546,,
2020-07-16 00:59:59.875,2,6,1,15.0,74.84528449354437,,
2020-07-16 01:59:59.870,2,1,9,12.0,79.10806106946555,,
2020-07-16 02:59:59.865,2,6,9,12.0,24.9,,
2020-07-16 03:59:59.860,2,7,4,16.0,31.072085156492253,,
2020-07-16 04:59:59.855,2,7,5,17.0,35.990448583051766,,
2020-07-16 05:59:59.850,2,6,3,16.0,39.82580217708879,,
2020-07-16 06:59:59.845,2,9,6,15.0,37.11799789915032,,
2020-07-16 07:59:59.840,2,3,8,16.0,41.319542315892924,,
2020-07-16 08:59:59.835,2,1,8,15.0,41.134526561202286,,
2020-07-16 09:59:59.830,2,5,9,12.0,45.55950916055309,,
2020-07-16 10:59:59.825,2,1,4,12.0,52.022163175425966,,
2020-07-16 11:59:59.820,2,7,5,16.0,55.25008717030745,,
2020-07-16 12:59:59.815,2,4,6,17.0,60.01005819500616,,
2020-07-16 13:59:59.810,2,8,3,16.0,58.76449888282717,,
2020-07-16 14:59:59.805,2,2,6,15.0,61.255324453409635,,
2020-07-16 15:59:59.800,2,9,1,16.0,60.935364915523486,,
2020-07-16 16:59:59.795,2,6,7,15.0,64.58071150470033,,
2020-07-16 17:59:59.790,2,5,10,12.0,66.11104224807285,,
2020-07-16 18:59:59.785,2,4,10,12.0,68.46455796814311,,
2020-07-16 19:59:59.780,2,2,5,16.0,67.4323177706123,,
2020-07-16 20:59:59.775,2,9,10,17.0,73.56720486578405,,
2020-07-16 21:59:59.770,2,6,8,16.0,23.0,,
2020-07-16 22:59:59.765,2,1,1,15.0,24.8397119905597,,
2020-07-16 23:59:59.760,2,8,2,16.0,27.00442982626771,,
2020-07-17 00:59:59.755,2,2,3,15.0,26.865406395445433,,
2020-07-17 01:59:59.750,2,7,2,12.0,27.15454004856127,,
2020-07-17 02:59:59.745,2,6,8,12.0,26.08360162809194,,
2020-07-17 03:59:59.740,2,1,10,16.0,32.4631902886945,,
2020-07-17 04:59:59.735,2,4,10,17.0,32.97422831319475,,
2020-07-17 05:59:59.730,2,4,1,16.0,34.20062477661896,,
2020-07-17 06:59:59.725,2,3,2,15.0,34.32601949539057,,
2020-07-17 07:59:59.720,2,9,7,16.0,36.286258904899285,,
2020-07-17 08:59:59.715,2,6,10,15.0,42.731060800438755,,
2020-07-17 09:59:59.710,2,1,2,12.0,46.506091963201406,,
2020-07-17 10:59:59.705,2,8,5,12.0,43.906313494882696,,
2020-07-17 11:59:59.700,2,2,7,16.0,48.38463683751607,,
2020-07-17 12:59:59.695,2,2,1,17.0,54.517568176893,,
2020-07-17 13:59:59.690,2,2,3,16.0,57.089448631672944,,
2020-07-17 14:59:59.685,2,9,8,15.0,60.46683615848109,,
2020-07-17 15:59:59.680,2,7,5,16.0,60.55268202938502,,
2020-07-17 16:59:59.675,2,8,2,15.0,60.500221786139306,,
2020-07-17 17:59:59.670,2,7,10,12.0,59.10271985735067,,
2020-07-17 18:59:59.665,2,6,7,12.0,57.351096814539275,,
2020-07-17 19:59:59.660,2,1,5,16.0,55.076207475003294,,
2020-07-17 20:59:59.655,2,3,8,17.0,61.463448144832405,,
2020-07-17 21:59:59.650,2,7,8,16.0,65.35171597978591,,
2020-07-17 22:59:59.645,2,7,10,15.0,68.54421115907138,,
2020-07-17 23:59:59.640,2,3,9,16.0,69.63812413427117,,
2020-07-18 00:59:59.635,2,5,3,15.0,73.1037021620527,,
2020-07-18 01:59:59.630,2,4,2,12.0,29.1,,
2020-07-18 02:59:59.625,2,5,9,12.0,31.532445996997108,,
2020-07-18 03:59:59.620,2,8,8,16.0,33.50090590254115,,
2020-07-18 04:59:59.615,2,3,2,17.0,35.86383745440921,,
2020-07-18 05:59:59.610,2,6,1,16.0,38.436197408149326,,
2020-07-18 06:59:59.605,2,8,4,15.0,37.99484819231943,,
2020-07-18 07:59:59.600,2,1,8,16.0,39.89786501048728,,
2020-07-18 08:59:59.595,2,8,10,15.0,39.889540774457956,,
2020-07-18 09:59:59.590,2,7,1,12.0,38.51832012458897,,
2020-07-18 10:59:59.585,2,9,5,12.0,39.11586487029202,,
2020-07-18 11:59:59.580,2,7,6,16.0,41.394411175761185,,
2020-07-18 12:59:59.575,2,6,3,17.0,41.930025043980415,,
2020-07-18 13:59:59.570,2,8,8,16.0,40.10212696834985,,
2020-07-18 14:59:59.565,2,7,1,15.0,45.07066720282281,,
2020-07-18 15:59:59.560,2,1,9,16.0,45.15590270529584,,
2020-07-18 16:59:59.555,2,7,1,15.0,50.17148029581112,,
2020-07-18 17:59:59.550,2,7,7,12.0,48.20042951109342,,
2020-07-18 18:59:59.545,2,7,6,12.0,51.828069846872324,,
2020-07-18 19:59:59.540,2,4,9,16.0,21.4,,
2020-07-18 20:59:59.535,2,2,1,17.0,27.119219990224195,,
2020-07-18 21:59:59.530,2,2,6,16.0,28.945649123997363,,
2020-07-18 22:59:59.525,2,2,2,15.0,26.879835436667037,,
2020-07-18 23:59:59.520,2,6,8,16.0,25.320740524374198,,
2020-07-19 00:59:59.515,2,5,6,15.0,23.55129094836478,,
2020-07-19 01:59:59.510,2,7,4,12.0,27.23775077951475,,
2020-07-19 02:59:59.505,2,1,5,12.0,27.43167822612862,,
2020-07-19 03:59:59.505,2,1,9,16.0,25.62010491366733,,
2020-07-19 04:59:59.505,2,5,6,17.0,28.469230523689326,,
2020-07-19 05:59:59.505,2,1,8,16.0,26.15863322009329,,
2020-07-19 06:59:59.505,2,7,10,15.0,29.107387293318947,,
2020-07-19 07:59:59.505,2,5,6,16.0,30.540147462812854,,
2020-07-19 08:59:59.505,2,5,3,15.0,31.907848596865836,,
2020-07-19 09:59:59.505,2,4,10,12.0,36.54429969157318,,
2020-07-19 10:59:59.505,2,1,1,12.0,35.701928073290276,,
2020-07-19 11:59:59.505,2,2,3,16.0,35.681237786847284,,
2020-07-19 12:59:59.505,2,6,2,17.0,41.48222427913904,,
2020-07-19 13:59:59.505,2,1,10,16.0,45.89306739558481,,
2020-07-19 14:59:59.505,2,2,10,15.0,46.616511163441935,,
2020-07-19 15:59:59.505,2,6,1,16.0,46.245172429279485,,
2020-07-19 16:59:59.505,2,3,1,15.0,46.31660582189342,,
2020-07-19 17:59:59.505,2,1,7,12.0,52.6569685246316,,
2020-07-19 18:59:59.505,2,2,9,12.0,58.0994428261516,,
2020-07-19 19:59:59.505,2,6,2,16.0,62.68851167317236,,
2020-07-19 20:59:59.505,2,6,9,17.0,64.624758459203,,
2020-07-19 21:59:59.505,2,4,6,16.0,70.57524765126676,,
2020-07-19 22:59:59.505,2,3,7,15.0,75.82993546797474,,
2020-07-19 23:59:59.505,2,7,5,16.0,81.03344270923812,,
2020-07-20 00:59:59.505,2,9,7,15.0,23.7,,
2020-07-20 01:59:59.505,2,8,1,12.0,27.68848369547503,,
2020-07-20 02:59:59.505,2,4,3,12.0,26.30217363518726,,
2020-07-20 03:59:59.505,2,3,10,16.0,28.13868972255648,,
2020-07-20 04:59:59.505,2,5,5,17.0,31.67656367045397,,
2020-07-20 05:59:59.505,2,9,2,16.0,28.69352374621144,,
2020-07-20 06:59:59.505,2,2,3,15.0,29.144954858542125,,
2020-07-20 07:59:59.505,2,4,6,16.0,34.013538513749964,,
2020-07-20 08:59:59.505,2,8,9,15.0,31.669858382914057,,
2020-07-20 09:59:59.505,2,6,2,12.0,34.04234340611609,,
2020-07-20 10:59:59.505,2,3,3,12.0,33.35583623789622,,
2020-07-20 11:59:59.505,2,7,4,16.0,31.472432204047116,,
2020-07-20 12:59:59.505,2,3,6,17.0,28.848282421661704,,
2020-07-20 13:59:59.505,2,7,1,16.0,30.20472057199354,,
2020-07-20 14:59:59.505,2,7,4,15.0,34.06411910980547,,
2020-07-20 15:59:59.505,2,2,3,16.0,40.644738596720345,,
2020-07-20 16:59:59.505,2,3,6,15.0,40.818622671292935,,
2020-07-20 17:59:59.505,2,2,4,12.0,46.41360025188143,,
2020-07-20 18:59:59.505,2,2,10,12.0,49.52154717462382,,
2020-07-20 19:59:59.505,2,7,2,16.0,52.50366446741019,,
2020-07-20 20:59:59.505,2,2,10,17.0,50.28241621854148,,
2020-07-20 21:59:59.505,2,6,4,16.0,48.75289991230855,,
2020-07-20 22:59:59.505,2,6,5,15.0,46.50325598553267,,
2020-07-20 23:59:59.505,2,4,2,16.0,52.53570168636573,,
2020-07-21 00:59:59.505,2,7,2,15.0,58.98107244649583,,
2020-07-21 01:59:59.505,2,5,9,12.0,57.12582942469309,,
2020-07-21 02:59:59.505,2,9,6,12.0,63.25236098553128,,
2020-07-21 03:59:59.505,2,9,6,16.0,65.47660378374458,,
2020-07-21 04:59:59.505,2,2,3,17.0,70.16188955717138,,
2020-07-21 05:59:59.505,2,9,3,16.0,70.76399890216987,,
2020-07-21 06:59:59.505,2,3,3,15.0,73.11715419569839,,
2020-07-21 07:59:59.505,2,2,10,16.0,78.19911113075362,,
2020-07-21 08:59:59.505,2,5,1,15.0,83.57377643797989,,
2020-07-21 09:59:59.505,2,4,8,12.0,23.1,,
2020-07-21 10:59:59.505,2,7,8,12.0,23.020588359075017,,
2020-07-21 11:59:59.505,2,1,5,16.0,20.521411042609547,,
2020-07-21 12:59:59.505,2,3,3,17.0,21.0904934871361,,
2020-07-21 13:59:59.505,2,9,6,16.0,18.3644240567354,,
2020-07-21 14:59:59.505,2,5,2,15.0,19.688540223440462,,
2020-07-21 15:59:59.505,2,3,3,16.0,19.101851554141035,,
2020-07-21 16:59:59.505,2,6,2,15.0,24.781205337611,,
2020-07-21 17:59:59.505,2,3,10,12.0,31.27584870920456,,
2020-07-21 18:59:59.505,2,2,8,12.0,28.484831848764955,,
2020-07-21 19:59:59.505,2,9,8,16.0,35.431066277872574,,
2020-07-21 20:59:59.505,2,3,3,17.0,40.41300392033784,,
2020-07-21 21:59:59.505,2,6,10,16.0,43.30417831451103,,
2020-07-21 22:59:59.505,2,2,4,15.0,42.22138569520514,,
2020-07-15 00:00:00.000,3,3,8,11.0,40.42774044932899,,
2020-07-15 01:00:00.000,3,9,9,19.0,39.08442614678689,,
2020-07-15 01:59:59.990,3,8,0,13.0,37.24336502136176,,
2020-07-15 02:59:59.985,3,4,1,20.0,42.65507834215711,,
2020-07-15 03:59:59.980,3,2,2,14.0,40.60751443726461,,
2020-07-15 04:59:59.975,3,5,3,12.0,40.72790894079498,,
2020-07-15 05:59:59.970,3,10,4,16.0,39.878504195539456,,
2020-07-15 06:59:59.965,3,2,5,14.0,45.128508274747645,,
2020-07-15 07:59:59.960,3,2,6,18.0,47.612875374383385,,
2020-07-15 08:59:59.955,3,5,7,13.0,54.57190386140702,,
2020-07-15 09:59:59.950,3,6,8,16.0,56.465429876444055,,
2020-07-15 10:59:59.945,3,9,9,16.0,57.87832595715998,,
2020-07-15 11:59:59.940,3,5,0,19.0,63.4565954543954,,
2020-07-15 12:59:59.935,3,9,1,11.0,61.80950297500072,,
2020-07-15 13:59:59.930,3,10,2,16.0,63.33575856522443,,
2020-07-15 14:59:59.925,3,10,3,10.0,64.65619184494714,,
2020-07-15 15:59:59.920,3,5,4,16.0,69.02597395473936,,
2020-07-15 16:59:59.915,3,7,5,11.0,66.33196511194326,,
2020-07-15 17:59:59.910,3,5,6,12.0,72.05458803501621,,
2020-07-15 18:59:59.905,3,2,7,17.0,76.01218892889693,,
2020-07-15 19:59:59.900,3,9,8,10.0,78.31867520842741,,
2020-07-15 20:59:59.895,3,5,9,17.0,81.42405614185614,,
2020-07-15 21:59:59.890,3,3,0,11.0,82.46949797878041,,
2020-07-15 22:59:59.885,3,8,1,16.0,80.01260426343897,,
2020-07-15 23:59:59.880,3,7,2,18.0,81.83683661977464,,
2020-07-16 00:59:59.875,3,4,3,20.0,79.90447037426958,,
2020-07-16 01:59:59.870,3,6,4,18.0,80.07130641794363,,
2020-07-16 02:59:59.865,3,10,5,15.0,79.39966462021465,,
2020-07-16 03:59:59.860,3,9,6,19.0,85.5461585861469,,
2020-07-16 04:59:59.855,3,6,7,13.0,91.61156167490344,,
2020-07-16 05:59:59.850,3,4,8,13.0,93.08798907578321,,
2020-07-16 06:59:59.845,3,3,9,15.0,24.8,,
2020-07-16 07:59:59.840,3,8,0,13.0,26.505875438188575,,
2020-07-16 08:59:59.835,3,8,1,20.0,33.012610911237026,,
2020-07-16 09:59:59.830,3,2,2,18.0,36.127160945442355,,
2020-07-16 10:59:59.825,3,4,3,15.0,39.16840254726134,,
2020-07-16 11:59:59.820,3,6,4,13.0,41.530136724726354,,
2020-07-16 12:59:59.815,3,10,5,18.0,39.82916009857856,,
2020-07-16 13:59:59.810,3,7,6,13.0,38.42510165479173,,
2020-07-16 14:59:59.805,3,10,7,15.0,44.80541933756022,,
2020-07-16 15:59:59.800,3,5,8,19.0,48.195639263454794,,
2020-07-16 16:59:59.795,3,7,9,14.0,49.451173689684865,,
2020-07-16 17:59:59.790,3,5,0,11.0,56.15644282023385,,
2020-07-16 18:59:59.785,3,9,1,10.0,60.903129246026595,,
2020-07-16 19:59:59.780,3,9,2,16.0,66.34491747149238,,
2020-07-16 20:59:59.775,3,3,3,20.0,72.5472792033979,,
2020-07-16 21:59:59.770,3,10,4,11.0,71.83461959149632,,
2020-07-16 22:59:59.765,3,5,5,14.0,71.58763177114658,,
2020-07-16 23:59:59.760,3,6,6,12.0,71.94831165198835,,
2020-07-17 00:59:59.755,3,9,7,11.0,74.3773961938507,,
2020-07-17 01:59:59.750,3,10,8,11.0,79.36515101877545,,
2020-07-17 02:59:59.745,3,3,9,18.0,77.46030783720201,,
2020-07-17 03:59:59.740,3,7,0,13.0,24.8,,
2020-07-17 04:59:59.735,3,8,1,15.0,31.08279635390672,,
2020-07-17 05:59:59.730,3,4,2,20.0,29.19716477327975,,
2020-07-17 06:59:59.725,3,4,3,18.0,31.37367640906902,,
2020-07-17 07:59:59.720,3,2,4,18.0,34.33403270674973,,
2020-07-17 08:59:59.715,3,9,5,12.0,35.03875335388788,,
2020-07-17 09:59:59.710,3,10,6,12.0,35.205675024477166,,
2020-07-17 10:59:59.705,3,9,7,17.0,39.09266287143051,,
2020-07-17 11:59:59.700,3,10,8,17.0,45.60796844582087,,
2020-07-17 12:59:59.695,3,4,9,12.0,50.97680968115437,,
2020-07-17 13:59:59.690,3,7,0,20.0,57.68588333338784,,
2020-07-17 14:59:59.685,3,3,1,17.0,57.944057770933675,,
2020-07-17 15:59:59.680,3,4,2,18.0,59.3519469030533,,
2020-07-17 16:59:59.675,3,10,3,20.0,64.8756200530127,,
2020-07-17 17:59:59.670,3,4,4,10.0,62.38307465567018,,
2020-07-17 18:59:59.665,3,6,5,12.0,68.98316154088315,,
2020-07-17 19:59:59.660,3,6,6,20.0,73.41077551851956,,
2020-07-17 20:59:59.655,3,3,7,13.0,77.55877407767285,,
2020-07-17 21:59:59.650,3,2,8,15.0,83.83617108128236,,
2020-07-17 22:59:59.645,3,4,9,17.0,90.52651042150669,,
2020-07-17 23:59:59.640,3,10,0,16.0,94.5976493990958,,
2020-07-18 00:59:59.635,3,7,1,11.0,22.5,,
2020-07-18 01:59:59.630,3,6,2,11.0,27.91783048302774,,
2020-07-18 02:59:59.625,3,5,3,16.0,27.27257680744399,,
2020-07-18 03:59:59.620,3,4,4,17.0,34.03129886803925,,
2020-07-18 04:59:59.615,3,9,5,15.0,34.991952932222524,,
2020-07-18 05:59:59.610,3,7,6,16.0,34.41339505658358,,
2020-07-18 06:59:59.605,3,4,7,14.0,31.532344194480203,,
2020-07-18 07:59:59.600,3,9,8,13.0,29.220790736973346,,
2020-07-18 08:59:59.595,3,3,9,20.0,32.703443401176884,,
2020-07-18 09:59:59.590,3,6,0,15.0,39.22683362366561,,
2020-07-18 10:59:59.585,3,7,1,18.0,44.416043286562086,,
2020-07-18 11:59:59.580,3,7,2,18.0,44.39492043727067,,
2020-07-18 12:59:59.575,3,7,3,16.0,41.758670867115825,,
2020-07-18 13:59:59.570,3,4,4,11.0,45.86697936020791,,
2020-07-18 14:59:59.565,3,9,5,16.0,46.34596575679683,,
2020-07-18 15:59:59.560,3,8,6,20.0,50.11366756767464,,
2020-07-18 16:59:59.555,3,7,7,18.0,56.189766568054374,,
2020-07-18 17:59:59.550,3,6,8,11.0,59.05327220872587,,
2020-07-18 18:59:59.545,3,9,9,15.0,60.6684885107276,,
2020-07-18 19:59:59.540,3,10,0,20.0,61.795346114770986,,
2020-07-18 20:59:59.535,3,10,1,16.0,65.9097706627563,,
2020-07-18 21:59:59.530,3,7,2,15.0,69.34660707273227,,
2020-07-18 22:59:59.525,3,3,3,12.0,73.94065396645675,,
2020-07-18 23:59:59.520,3,6,4,15.0,71.33101369868497,,
2020-07-19 00:59:59.515,3,2,5,13.0,74.82752549714051,,
2020-07-19 01:59:59.510,3,6,6,15.0,73.41238402658765,,
2020-07-19 02:59:59.505,3,7,7,19.0,71.24484915694849,,
2020-07-19 03:59:59.505,3,2,8,10.0,72.3046815275745,,
2020-07-19 04:59:59.505,3,8,9,10.0,74.65786334663976,,
2020-07-19 05:59:59.505,3,7,0,16.0,73.28641209678976,,
2020-07-19 06:59:59.505,3,7,1,16.0,22.4,,
2020-07-19 07:59:59.505,3,6,2,16.0,24.505928826502323,,
2020-07-19 08:59:59.505,3,10,3,15.0,22.732415335710687,,
2020-07-19 09:59:59.505,3,2,4,12.0,28.42508919050824,,
2020-07-19 10:59:59.505,3,4,5,11.0,34.298196511780844,,
2020-07-19 11:59:59.505,3,5,6,10.0,40.31423718688575,,
2020-07-19 12:59:59.505,3,9,7,18.0,38.01454787904412,,
2020-07-19 13:59:59.505,3,5,8,20.0,37.094340642056686,,
2020-07-19 14:59:59.505,3,10,9,18.0,37.08137887261911,,
2020-07-19 15:59:59.505,3,9,0,17.0,39.26673123610513,,
2020-07-19 16:59:59.505,3,3,1,15.0,37.11786587850276,,
2020-07-19 17:59:59.505,3,8,2,12.0,36.01974743651982,,
2020-07-19 18:59:59.505,3,6,3,10.0,35.48440398027681,,
2020-07-19 19:59:59.505,3,5,4,17.0,42.40767958931737,,
2020-07-19 20:59:59.505,3,7,5,18.0,49.02664081986922,,
2020-07-19 21:59:59.505,3,3,6,17.0,47.74757454710226,,
2020-07-19 22:59:59.505,3,9,7,13.0,54.077231713518294,,
2020-07-19 23:59:59.505,3,2,8,16.0,57.26231887717579,,
2020-07-20 00:59:59.505,3,4,9,14.0,59.97887295208632,,
2020-07-20 01:59:59.505,3,6,0,11.0,57.90978834790999,,
2020-07-20 02:59:59.505,3,5,1,20.0,55.22748874672337,,
2020-07-20 03:59:59.505,3,2,2,14.0,55.63956896429584,,
2020-07-20 04:59:59.505,3,4,3,15.0,55.84676432555464,,
2020-07-20 05:59:59.505,3,4,4,10.0,58.873220823169746,,
2020-07-20 06:59:59.505,3,4,5,14.0,63.8476116607926,,
2020-07-20 07:59:59.505,3,9,6,18.0,64.17734196182826,,
2020-07-20 08:59:59.505,3,3,7,11.0,63.99942852744522,,
2020-07-20 09:59:59.505,3,8,8,18.0,63.16537162237716,,
2020-07-20 10:59:59.505,3,9,9,11.0,64.26416078097071,,
2020-07-20 11:59:59.505,3,7,0,12.0,70.38158802083728,,
2020-07-20 12:59:59.505,3,2,1,19.0,67.90069936413384,,
2020-07-20 13:59:59.505,3,9,2,14.0,74.33508702837105,,
2020-07-20 14:59:59.505,3,7,3,13.0,76.90856904460026,,
2020-07-20 15:59:59.505,3,4,4,20.0,77.03759708715296,,
2020-07-20 16:59:59.505,3,10,5,15.0,76.61303692646712,,
2020-07-20 17:59:59.505,3,6,6,18.0,83.00635283235134,,
2020-07-20 18:59:59.505,3,10,7,15.0,83.6793448042676,,
2020-07-20 19:59:59.505,3,2,8,16.0,83.54123127523296,,
2020-07-20 20:59:59.505,3,3,9,15.0,85.6146071574825,,
2020-07-20 21:59:59.505,3,4,0,19.0,85.59579764513815,,
2020-07-20 22:59:59.505,3,3,1,12.0,87.97349214117367,,
2020-07-20 23:59:59.505,3,4,2,19.0,87.19583882364275,,
2020-07-21 00:59:59.505,3,9,3,17.0,90.5347070363312,,
2020-07-21 01:59:59.505,3,9,4,14.0,95.01262070399495,,
2020-07-21 02:59:59.505,3,6,5,13.0,95.25694013043498,,
2020-07-21 03:59:59.505,3,6,6,10.0,101.72257770063625,,
2020-07-21 04:59:59.505,3,9,7,12.0,108.59034164075418,,
2020-07-21 05:59:59.505,3,7,8,12.0,108.96153684434951,,
2020-07-21 06:59:59.505,3,8,9,20.0,109.81648987584217,,
2020-07-21 07:59:59.505,3,2,0,15.0,21.1,,
2020-07-21 08:59:59.505,3,2,1,10.0,27.668286275904666,,
2020-07-21 09:59:59.505,3,3,2,20.0,31.9960797020461,,
2020-07-21 10:59:59.505,3,8,3,13.0,35.955598026029946,,
2020-07-21 11:59:59.505,3,9,4,20.0,35.189973794245915,,
2020-07-21 12:59:59.505,3,6,5,15.0,33.527801523362434,,
2020-07-21 13:59:59.505,3,9,6,13.0,32.53795742734833,,
2020-07-21 14:59:59.505,3,2,7,12.0,33.01780363849009,,
2020-07-21 15:59:59.505,3,9,8,13.0,38.56820008120022,,
2020-07-21 16:59:59.505,3,4,9,19.0,48.9506116622211,,
2020-07-21 17:59:59.505,3,3,0,13.0,48.32935800796548,,
2020-07-21 18:59:59.505,3,7,1,18.0,49.07700533197619,,
2020-07-21 19:59:59.505,3,6,2,12.0,50.1286309589045,,
2020-07-21 20:59:59.505,3,6,3,13.0,48.64510978387742,,
2020-07-21 21:59:59.505,3,9,4,19.0,49.958836804399155,,
2020-07-21 22:59:59.505,3,6,5,13.0,52.24109714623464,,
2020-07-15 00:00:00.000,4,3,7,12.0,72.86729583652205,,
2020-07-15 01:00:00.000,4,8,8,12.5,74.6635670292807,,
2020-07-15 01:59:59.990,4,10,7,14.0,70.1427578865259,,
2020-07-15 02:59:59.985,4,6,5,16.0,70.59133172975993,,
2020-07-15 03:59:59.980,4,6,5,16.0,85.17311926323154,,
2020-07-15 04:59:59.975,4,2,9,18.0,77.89571717828674,,
2020-07-15 05:59:59.970,4,8,8,12.0,80.11793015434598,,
2020-07-15 06:59:59.965,4,9,6,13.0,76.34351038731485,,
2020-07-15 07:59:59.960,4,5,10,15.0,76.53437199805643,,
2020-07-15 08:59:59.955,4,5,5,16.0,74.78409201599938,,
2020-07-15 09:59:59.950,4,7,4,16.0,84.74908803402967,,
2020-07-15 10:59:59.945,4,10,7,19.0,76.9596492747726,,
2020-07-15 11:59:59.940,4,10,7,12.0,77.95041735091529,,
2020-07-15 12:59:59.935,4,5,6,12.5,70.00999838199003,,
2020-07-15 13:59:59.930,4,10,5,14.0,75.0165189258864,,
2020-07-15 14:59:59.925,4,10,7,16.0,73.95611742829954,,
2020-07-15 15:59:59.920,4,8,10,16.0,74.98500922923812,,
2020-07-15 16:59:59.915,4,1,6,18.0,86.8823825278441,,
2020-07-15 17:59:59.910,4,6,6,12.0,78.572598104366,,
2020-07-15 18:59:59.905,4,7,6,13.0,80.85084638786083,,
2020-07-15 19:59:59.900,4,4,5,15.0,69.04196060243241,,
2020-07-15 20:59:59.895,4,6,8,16.0,74.82221334520622,,
2020-07-15 21:59:59.890,4,4,6,16.0,83.2680774047992,,
2020-07-15 22:59:59.885,4,5,8,19.0,82.42289123260693,,
2020-07-15 23:59:59.880,4,5,10,12.0,79.97237090697853,,
2020-07-16 00:59:59.875,4,9,4,12.5,77.21184916379246,,
2020-07-16 01:59:59.870,4,3,7,14.0,79.93490704557323,,
2020-07-16 02:59:59.865,4,7,9,16.0,81.7491311808154,,
2020-07-16 03:59:59.860,4,9,4,16.0,81.42613082780841,,
2020-07-16 04:59:59.855,4,5,6,18.0,79.78714934350398,,
2020-07-16 05:59:59.850,4,4,4,12.0,73.34162163500326,,
2020-07-16 06:59:59.845,4,7,9,13.0,76.78969871598089,,
2020-07-16 07:59:59.840,4,7,5,15.0,82.10015323588136,,
2020-07-16 08:59:59.835,4,3,6,16.0,74.57446832562853,,
2020-07-16 09:59:59.830,4,1,9,16.0,73.66364736959082,,
2020-07-16 10:59:59.825,4,4,7,19.0,80.59034334627432,,
2020-07-16 11:59:59.820,4,6,5,12.0,76.37594564411904,,
2020-07-16 12:59:59.815,4,6,4,12.5,77.54347915321924,,
2020-07-16 13:59:59.810,4,4,8,14.0,75.08606953737396,,
2020-07-16 14:59:59.805,4,7,7,16.0,72.33704496409746,,
2020-07-16 15:59:59.800,4,7,9,16.0,76.69254702217515,,
2020-07-16 16:59:59.795,4,10,8,18.0,79.4371003681206,,
2020-07-16 17:59:59.790,4,1,10,12.0,79.41870894609241,,
2020-07-16 18:59:59.785,4,1,6,13.0,82.36534781235503,,
2020-07-16 19:59:59.780,4,3,10,15.0,77.50752921652861,,
2020-07-16 20:59:59.775,4,7,8,16.0,84.42623265387009,,
2020-07-16 21:59:59.770,4,9,8,16.0,75.4072977911903,,
2020-07-16 22:59:59.765,4,4,4,19.0,80.66692685394634,,
2020-07-16 23:59:59.760,4,8,10,12.0,78.88366937131302,,
2020-07-17 00:59:59.755,4,7,10,12.5,80.39307846414945,,
2020-07-17 01:59:59.750,4,1,10,14.0,81.0641380404587,,
2020-07-17 02:59:59.745,4,8,7,16.0,79.59336467772641,,
2020-07-17 03:59:59.740,4,5,6,16.0,75.34855304558666,,
2020-07-17 04:59:59.735,4,2,4,18.0,81.88578927516404,,
2020-07-17 05:59:59.730,4,8,10,12.0,81.84815529692999,,
2020-07-17 06:59:59.725,4,7,10,13.0,71.76064055069921,,
2020-07-17 07:59:59.720,4,9,4,15.0,73.01786209087454,,
2020-07-17 08:59:59.715,4,1,7,16.0,77.07651990024563,,
2020-07-17 09:59:59.710,4,4,5,16.0,70.52861766378037,,
2020-07-17 10:59:59.705,4,4,7,19.0,79.78429497259187,,
2020-07-17 11:59:59.700,4,9,7,12.0,76.72600653762952,,
2020-07-17 12:59:59.695,4,2,10,12.5,77.68615946875816,,
2020-07-17 13:59:59.690,4,1,5,14.0,77.160287942864,,
2020-07-17 14:59:59.685,4,6,8,16.0,86.29697862377539,,
2020-07-17 15:59:59.680,4,4,6,16.0,84.32652848591825,,
2020-07-17 16:59:59.675,4,6,8,18.0,73.56921883847224,,
2020-07-17 17:59:59.670,4,4,6,12.0,74.95052940169886,,
2020-07-17 18:59:59.665,4,5,4,13.0,73.11994567238605,,
2020-07-17 19:59:59.660,4,3,4,15.0,84.7528681426413,,
2020-07-17 20:59:59.655,4,7,8,16.0,83.43882629777933,,
2020-07-17 21:59:59.650,4,6,8,16.0,69.07478238450615,,
2020-07-17 22:59:59.645,4,3,7,19.0,77.54630489528523,,
2020-07-17 23:59:59.640,4,8,9,12.0,87.37437352540705,,
2020-07-18 00:59:59.635,4,9,8,12.5,78.14856613206304,,
2020-07-18 01:59:59.630,4,4,10,14.0,80.41802691938987,,
2020-07-18 02:59:59.625,4,10,7,16.0,76.59651758457407,,
2020-07-18 03:59:59.620,4,8,7,16.0,76.8814420570807,,
2020-07-18 04:59:59.615,4,7,6,18.0,71.98539253674812,,
2020-07-18 05:59:59.610,4,9,10,12.0,72.8362622094251,,
2020-07-18 06:59:59.605,4,7,5,13.0,77.15078994203228,,
2020-07-18 07:59:59.600,4,8,4,15.0,75.10301652855023,,
2020-07-18 08:59:59.595,4,3,7,16.0,78.82199819413349,,
2020-07-18 09:59:59.590,4,2,4,16.0,78.38868863731594,,
2020-07-18 10:59:59.585,4,2,10,19.0,76.80706298665933,,
2020-07-18 11:59:59.580,4,7,8,12.0,79.00643442365516,,
2020-07-18 12:59:59.575,4,8,6,12.5,78.13580549845491,,
2020-07-18 13:59:59.570,4,8,9,14.0,75.0680622664272,,
2020-07-18 14:59:59.565,4,4,4,16.0,78.19062464006493,,
2020-07-18 15:59:59.560,4,3,10,16.0,77.21537898111458,,
2020-07-18 16:59:59.555,4,4,9,18.0,76.68829620800668,,
2020-07-18 17:59:59.550,4,4,8,12.0,80.43086034715465,,
2020-07-18 18:59:59.545,4,3,8,13.0,76.16374178846729,,
2020-07-18 19:59:59.540,4,1,9,15.0,67.79746874941469,,
2020-07-18 20:59:59.535,4,5,7,16.0,69.77365639037819,,
2020-07-18 21:59:59.530,4,1,8,16.0,80.96999609422377,,
2020-07-18 22:59:59.525,4,4,5,19.0,81.88084814750694,,
2020-07-18 23:59:59.520,4,10,7,12.0,82.15910070593908,,
2020-07-19 00:59:59.515,4,6,4,12.5,69.85079977819217,,
2020-07-19 01:59:59.510,4,5,10,14.0,77.39687333626813,,
2020-07-19 02:59:59.505,4,1,4,16.0,76.34363163496596,,
2020-07-19 03:59:59.505,4,8,10,16.0,75.87304738522658,,
2020-07-19 04:59:59.505,4,9,10,18.0,68.55067854240154,,
2020-07-19 05:59:59.505,4,8,7,12.0,71.47655850381311,,
2020-07-19 06:59:59.505,4,6,7,13.0,70.69483121752934,,
2020-07-19 07:59:59.505,4,5,6,15.0,71.90582874860249,,
2020-07-19 08:59:59.505,4,10,10,16.0,74.67791177648219,,
2020-07-19 09:59:59.505,4,4,7,16.0,76.53289003531454,,
2020-07-19 10:59:59.505,4,5,4,19.0,68.76069195472422,,
2020-07-19 11:59:59.505,4,5,7,12.0,80.65845055596665,,
2020-07-19 12:59:59.505,4,2,10,12.5,70.59966268928018,,
2020-07-19 13:59:59.505,4,3,4,14.0,78.31399000881021,,
2020-07-19 14:59:59.505,4,10,5,16.0,73.75547227636848,,
2020-07-19 15:59:59.505,4,8,7,16.0,74.38446885691496,,
2020-07-19 16:59:59.505,4,6,9,18.0,66.99747841441018,,
2020-07-19 17:59:59.505,4,5,7,12.0,70.95961972082712,,
2020-07-19 18:59:59.505,4,5,9,13.0,71.84357441326779,,
2020-07-19 19:59:59.505,4,10,7,15.0,81.4350953236119,,
2020-07-19 20:59:59.505,4,9,10,16.0,71.82102804284749,,
2020-07-19 21:59:59.505,4,8,8,16.0,73.98564808043616,,
2020-07-19 22:59:59.505,4,3,6,19.0,76.96137800752614,,
2020-07-19 23:59:59.505,4,7,10,12.0,87.52953956639735,,
2020-07-20 00:59:59.505,4,7,5,12.5,73.66748607800628,,
2020-07-20 01:59:59.505,4,7,4,14.0,84.30791314360187,,
2020-07-20 02:59:59.505,4,1,6,16.0,72.72000115019345,,
2020-07-20 03:59:59.505,4,4,10,16.0,72.60040741523491,,
2020-07-20 04:59:59.505,4,5,5,18.0,78.5484684928796,,
2020-07-20 05:59:59.505,4,9,6,12.0,75.64783353613174,,
2020-07-20 06:59:59.505,4,3,9,13.0,83.0907087053469,,
2020-07-20 07:59:59.505,4,9,10,15.0,76.97425216272138,,
2020-07-20 08:59:59.505,4,8,8,16.0,74.82183726093183,,
2020-07-20 09:59:59.505,4,10,4,16.0,82.77074431757808,,
2020-07-20 10:59:59.505,4,2,4,19.0,76.21272097543836,,
2020-07-20 11:59:59.505,4,9,5,12.0,84.15984666521807,,
2020-07-20 12:59:59.505,4,9,7,12.5,77.77383581173527,,
2020-07-20 13:59:59.505,4,8,4,14.0,78.14212198899163,,
2020-07-20 14:59:59.505,4,8,10,16.0,69.23550365741454,,
2020-07-20 15:59:59.505,4,8,8,16.0,65.56797123852816,,
2020-07-20 16:59:59.505,4,2,10,18.0,74.20777242106323,,
2020-07-20 17:59:59.505,4,10,4,12.0,69.37726510777858,,
2020-07-20 18:59:59.505,4,2,5,13.0,83.26129560690366,,
2020-07-20 19:59:59.505,4,8,4,15.0,73.79353785211082,,
2020-07-20 20:59:59.505,4,4,5,16.0,77.56285358284862,,
2020-07-20 21:59:59.505,4,3,9,16.0,82.1529418203133,,
2020-07-20 22:59:59.505,4,9,9,19.0,82.06906551628184,,
2020-07-20 23:59:59.505,4,2,9,12.0,77.19427544547621,,
2020-07-21 00:59:59.505,4,8,5,12.5,80.88381236287843,,
2020-07-21 01:59:59.505,4,3,9,14.0,70.63496968738205,,
2020-07-21 02:59:59.505,4,5,6,16.0,72.5793300266628,,
2020-07-21 03:59:59.505,4,4,4,16.0,80.00009122660636,,
2020-07-21 04:59:59.505,4,5,10,18.0,72.34837374546285,,
2020-07-21 05:59:59.505,4,3,7,12.0,76.8771336030074,,
2020-07-21 06:59:59.505,4,3,8,13.0,76.74586204238373,,
2020-07-21 07:59:59.505,4,2,10,15.0,75.84284094800141,,
2020-07-21 08:59:59.505,4,7,9,16.0,69.28024145580069,,
2020-07-21 09:59:59.505,4,1,6,16.0,68.11770541717952,,
2020-07-21 10:59:59.505,4,2,6,19.0,70.40979660324074,,
2020-07-21 11:59:59.505,4,1,6,12.0,75.98386545388303,,
2020-07-21 12:59:59.505,4,7,7,12.5,79.63859668649108,,
2020-07-21 13:59:59.505,4,7,10,14.0,81.66957954993141,,
2020-07-21 14:59:59.505,4,6,7,16.0,76.57314608395707,,
2020-07-21 15:59:59.505,4,3,4,16.0,82.6638998436763,,
2020-07-21 16:59:59.505,4,4,5,18.0,74.99218201141812,,
2020-07-21 17:59:59.505,4,3,10,12.0,73.89325057809954,,
2020-07-21 18:59:59.505,4,3,6,13.0,77.42903336970296,,
2020-07-21 19:59:59.505,4,4,9,15.0,73.6006680424025,,
2020-07-21 20:59:59.505,4,10,5,16.0,79.56382647865877,,
2020-07-21 21:59:59.505,4,4,5,16.0,68.08430308621234,,
2020-07-21 22:59:59.505,4,6,6,19.0,85.02381242460459,,
2020-07-15 00:00:00.000,5,4,7,12.0,81.1253419229365,,
2020-07-15 01:00:00.000,5,8,5,12.5,85.68156918538689,,
2020-07-15 01:59:59.990,5,5,8,14.0,74.9775937942227,,
2020-07-15 02:59:59.985,5,1,4,16.0,74.85537169281137,,
2020-07-15 03:59:59.980,5,7,9,16.0,72.61219906562131,,
2020-07-15 04:59:59.975,5,7,9,18.0,77.88811787316835,,
2020-07-15 05:59:59.970,5,1,4,12.0,79.56168786675791,,
2020-07-15 06:59:59.965,5,5,5,13.0,75.14462458516826,,
2020-07-15 07:59:59.960,5,2,10,15.0,78.44527704200497,,
2020-07-15 08:59:59.955,5,3,10,16.0,73.54051052292775,,
2020-07-15 09:59:59.950,5,1,9,16.0,73.77750897114937,,
2020-07-15 10:59:59.945,5,7,6,19.0,77.03001272703138,,
2020-07-15 11:59:59.940,5,3,9,12.0,73.00410037969672,,
2020-07-15 12:59:59.935,5,4,4,12.5,69.41436611465052,,
2020-07-15 13:59:59.930,5,6,7,14.0,72.32391658570059,,
2020-07-15 14:59:59.925,5,9,10,16.0,81.1740300259202,,
2020-07-15 15:59:59.920,5,2,10,16.0,79.97808542786201,,
2020-07-15 16:59:59.915,5,3,8,18.0,73.1957006677225,,
2020-07-15 17:59:59.910,5,3,6,12.0,84.63541901029784,,
2020-07-15 18:59:59.905,5,5,9,13.0,74.19040209090707,,
2020-07-15 19:59:59.900,5,6,10,15.0,76.40687973939791,,
2020-07-15 20:59:59.895,5,5,7,16.0,69.39471182360215,,
2020-07-15 21:59:59.890,5,2,8,16.0,84.59791420324252,,
2020-07-15 22:59:59.885,5,2,6,19.0,75.09767445268334,,
2020-07-15 23:59:59.880,5,8,7,12.0,75.89230345673658,,
2020-07-16 00:59:59.875,5,1,6,12.5,81.61501581715784,,
2020-07-16 01:59:59.870,5,7,7,14.0,77.2858804213049,,
2020-07-16 02:59:59.865,5,9,8,16.0,78.47343849011648,,
2020-07-16 03:59:59.860,5,2,5,16.0,86.51041628649787,,
2020-07-16 04:59:59.855,5,6,10,18.0,77.26442987555454,,
2020-07-16 05:59:59.850,5,6,7,12.0,82.97752193687292,,
2020-07-16 06:59:59.845,5,4,10,13.0,76.47774536950466,,
2020-07-16 07:59:59.840,5,5,4,15.0,74.52121450890883,,
2020-07-16 08:59:59.835,5,6,5,16.0,84.5070507588036,,
2020-07-16 09:59:59.830,5,9,6,16.0,73.44381753127091,,
2020-07-16 10:59:59.825,5,8,9,19.0,78.51987924896179,,
2020-07-16 11:59:59.820,5,5,5,12.0,78.97468089947567,,
2020-07-16 12:59:59.815,5,6,10,12.5,68.7313619641653,,
2020-07-16 13:59:59.810,5,7,4,14.0,81.17777143968355,,
2020-07-16 14:59:59.805,5,7,7,16.0,78.94351042188072,,
2020-07-16 15:59:59.800,5,6,9,16.0,83.24068566401304,,
2020-07-16 16:59:59.795,5,1,10,18.0,77.07461306524152,,
2020-07-16 17:59:59.790,5,2,5,12.0,74.88002812890326,,
2020-07-16 18:59:59.785,5,2,5,13.0,70.44664487396284,,
2020-07-16 19:59:59.780,5,1,7,15.0,81.34521810973892,,
2020-07-16 20:59:59.775,5,9,6,16.0,74.52669965563875,,
2020-07-16 21:59:59.770,5,8,10,16.0,85.95162868184319,,
2020-07-16 22:59:59.765,5,1,7,19.0,79.09979856762253,,
2020-07-16 23:59:59.760,5,3,7,12.0,76.79312794252915,,
2020-07-17 00:59:59.755,5,1,5,12.5,75.8572182747123,,
2020-07-17 01:59:59.750,5,6,5,14.0,79.77082644428883,,
2020-07-17 02:59:59.745,5,1,4,16.0,76.5591727236455,,
2020-07-17 03:59:59.740,5,2,6,16.0,84.53268701916326,,
2020-07-17 04:59:59.735,5,2,7,18.0,72.25387568635718,,
2020-07-17 05:59:59.730,5,5,6,12.0,72.48639268846067,,
2020-07-17 06:59:59.725,5,1,10,13.0,81.96107463520192,,
2020-07-17 07:59:59.720,5,9,7,15.0,79.5521474944556,,
2020-07-17 08:59:59.715,5,7,4,16.0,68.54787592397757,,
2020-07-17 09:59:59.710,5,2,10,16.0,81.2633101222973,,
2020-07-17 10:59:59.705,5,6,8,19.0,83.05153322780494,,
2020-07-17 11:59:59.700,5,8,4,12.0,80.17696908249144,,
2020-07-17 12:59:59.695,5,8,6,12.5,68.87557820818184,,
2020-07-17 13:59:59.690,5,5,4,14.0,79.81012619013812,,
2020-07-17 14:59:59.685,5,2,9,16.0,77.04316056179255,,
2020-07-17 15:59:59.680,5,7,7,16.0,74.2781395976324,,
2020-07-17 16:59:59.675,5,1,7,18.0,78.0158726839106,,
2020-07-17 17:59:59.670,5,6,5,12.0,76.39317820984245,,
2020-07-17 18:59:59.665,5,1,4,13.0,76.12523021134758,,
2020-07-17 19:59:59.660,5,3,9,15.0,73.08058848804536,,
2020-07-17 20:59:59.655,5,3,5,16.0,73.30511822187908,,
2020-07-17 21:59:59.650,5,7,5,16.0,79.78373447396295,,
2020-07-17 22:59:59.645,5,2,6,19.0,81.95857984635289,,
2020-07-17 23:59:59.640,5,3,5,12.0,70.44288592233787,,
2020-07-18 00:59:59.635,5,5,6,12.5,78.44187374441265,,
2020-07-18 01:59:59.630,5,2,10,14.0,76.20435022301862,,
2020-07-18 02:59:59.625,5,9,6,16.0,84.01566024459646,,
2020-07-18 03:59:59.620,5,8,5,16.0,69.93909440951708,,
2020-07-18 04:59:59.615,5,9,9,18.0,74.33504194971404,,
2020-07-18 05:59:59.610,5,7,6,12.0,78.57450879273591,,
2020-07-18 06:59:59.605,5,2,9,13.0,78.32023791991958,,
2020-07-18 07:59:59.600,5,5,9,15.0,73.00003616595157,,
2020-07-18 08:59:59.595,5,6,8,16.0,69.58442667444994,,
2020-07-18 09:59:59.590,5,3,6,16.0,76.20700439643642,,
2020-07-18 10:59:59.585,5,7,7,19.0,79.62065830066203,,
2020-07-18 11:59:59.580,5,6,9,12.0,73.62762373376712,,
2020-07-18 12:59:59.575,5,9,5,12.5,72.27683657260135,,
2020-07-18 13:59:59.570,5,7,7,14.0,84.8329031382077,,
2020-07-18 14:59:59.565,5,6,8,16.0,73.63038264616826,,
2020-07-18 15:59:59.560,5,8,4,16.0,86.8338528012672,,
2020-07-18 16:59:59.555,5,3,5,18.0,75.54280889991348,,
2020-07-18 17:59:59.550,5,3,7,12.0,79.32650128048815,,
2020-07-18 18:59:59.545,5,7,5,13.0,76.03576770143862,,
2020-07-18 19:59:59.540,5,1,7,15.0,69.0346214557831,,
2020-07-18 20:59:59.535,5,2,4,16.0,77.2616223279114,,
2020-07-18 21:59:59.530,5,2,4,16.0,69.53818149984694,,
2020-07-18 22:59:59.525,5,6,7,19.0,74.4460776537285,,
2020-07-18 23:59:59.520,5,5,9,12.0,78.68720166235283,,
2020-07-19 00:59:59.515,5,6,5,12.5,71.9164744820992,,
2020-07-19 01:59:59.510,5,4,5,14.0,84.1909440212579,,
2020-07-19 02:59:59.505,5,9,6,16.0,69.25886019670222,,
2020-07-19 03:59:59.505,5,8,5,16.0,74.68133899123332,,
2020-07-19 04:59:59.505,5,7,10,18.0,67.76477963432895,,
2020-07-19 05:59:59.505,5,6,10,12.0,78.85944703123063,,
2020-07-19 06:59:59.505,5,1,5,13.0,77.31400340897508,,
2020-07-19 07:59:59.505,5,1,10,15.0,82.51775477694261,,
2020-07-19 08:59:59.505,5,7,10,16.0,78.60817915217628,,
2020-07-19 09:59:59.505,5,7,8,16.0,80.0273001118756,,
2020-07-19 10:59:59.505,5,9,8,19.0,80.63120070076718,,
2020-07-19 11:59:59.505,5,4,6,12.0,80.86530865085162,,
2020-07-19 12:59:59.505,5,8,5,12.5,82.5920794028859,,
2020-07-19 13:59:59.505,5,5,10,14.0,75.25231816362934,,
2020-07-19 14:59:59.505,5,3,6,16.0,75.10293408777846,,
2020-07-19 15:59:59.505,5,2,7,16.0,70.19012598945065,,
2020-07-19 16:59:59.505,5,6,8,18.0,74.4011097869674,,
2020-07-19 17:59:59.505,5,7,6,12.0,65.72581503301014,,
2020-07-19 18:59:59.505,5,3,4,13.0,71.73071495548761,,
2020-07-19 19:59:59.505,5,7,9,15.0,82.12781391635113,,
2020-07-19 20:59:59.505,5,1,5,16.0,70.29290596709191,,
2020-07-19 21:59:59.505,5,3,10,16.0,81.27531627949833,,
2020-07-19 22:59:59.505,5,9,10,19.0,77.14004410624867,,
2020-07-19 23:59:59.505,5,2,8,12.0,68.53164234625122,,
2020-07-20 00:59:59.505,5,9,8,12.5,73.9500012155363,,
2020-07-20 01:59:59.505,5,3,10,14.0,78.64059323718212,,
2020-07-20 02:59:59.505,5,3,5,16.0,82.32919753851107,,
2020-07-20 03:59:59.505,5,1,7,16.0,79.68904689281017,,
2020-07-20 04:59:59.505,5,4,10,18.0,80.4089591814883,,
2020-07-20 05:59:59.505,5,6,10,12.0,76.03795699624902,,
2020-07-20 06:59:59.505,5,3,7,13.0,79.87416293023722,,
2020-07-20 07:59:59.505,5,9,9,15.0,76.70203647944471,,
2020-07-20 08:59:59.505,5,4,4,16.0,75.07642845814263,,
2020-07-20 09:59:59.505,5,1,6,16.0,74.64395245853217,,
2020-07-20 10:59:59.505,5,1,5,19.0,76.56472747567767,,
2020-07-20 11:59:59.505,5,8,10,12.0,82.93833387933313,,
2020-07-20 12:59:59.505,5,4,6,12.5,78.05725162175281,,
2020-07-20 13:59:59.505,5,7,7,14.0,76.02722727546399,,
2020-07-20 14:59:59.505,5,6,5,16.0,82.74687331388641,,
2020-07-20 15:59:59.505,5,2,4,16.0,74.82027129404493,,
2020-07-20 16:59:59.505,5,5,8,18.0,71.16244109991246,,
2020-07-20 17:59:59.505,5,5,7,12.0,82.98761284751465,,
2020-07-20 18:59:59.505,5,4,5,13.0,80.417962601946,,
2020-07-20 19:59:59.505,5,7,4,15.0,75.5203170042444,,
2020-07-20 20:59:59.505,5,2,9,16.0,71.70593923405764,,
2020-07-20 21:59:59.505,5,8,4,16.0,75.03484156644365,,
2020-07-20 22:59:59.505,5,6,6,19.0,84.3973471095267,,
2020-07-20 23:59:59.505,5,3,10,12.0,74.6732234163819,,
2020-07-21 00:59:59.505,5,2,7,12.5,82.67621657523505,,
2020-07-21 01:59:59.505,5,2,3,14.0,70.62394429962966,,
2020-07-21 02:59:59.505,5,8,2,16.0,77.44623394718913,,
2020-07-21 03:59:59.505,5,5,1,16.0,74.27675791584895,,
2020-07-21 04:59:59.505,5,7,7,18.0,79.2660139239837,,
2020-07-21 05:59:59.505,5,4,6,12.0,84.26589430934358,,
2020-07-21 06:59:59.505,5,6,4,13.0,75.85794833166247,,
2020-07-21 07:59:59.505,5,4,1,15.0,76.82555995896973,,
2020-07-21 08:59:59.505,5,6,2,16.0,78.76297892938305,,
2020-07-21 09:59:59.505,5,2,6,16.0,76.07231873074561,,
2020-07-21 10:59:59.505,5,2,2,19.0,75.52659099867878,,
2020-07-21 11:59:59.505,5,4,7,12.0,73.79123051396567,,
2020-07-21 12:59:59.505,5,3,3,12.5,80.32433735156602,,
2020-07-21 13:59:59.505,5,8,6,14.0,81.83775470555334,,
2020-07-21 14:59:59.505,5,2,6,16.0,72.77024026645572,,
2020-07-21 15:59:59.505,5,9,5,16.0,76.06759682779683,,
2020-07-21 16:59:59.505,5,3,7,18.0,77.57967503839858,,
2020-07-21 17:59:59.505,5,9,6,12.0,74.5092586967448,,
2020-07-21 18:59:59.505,5,4,4,13.0,80.14579713201869,,
2020-07-21 19:59:59.505,5,3,1,15.0,75.0936329879546,,
2020-07-21 20:59:59.505,5,9,2,16.0,75.58151673875204,,
2020-07-21 21:59:59.505,5,2,1,16.0,65.84219865328862,,
2020-07-21 22:59:59.505,5,1,2,19.0,78.86747200928635,,
2020-07-15 00:00:00.000,6,7,6,12.0,75.87452052536074,,
2020-07-15 01:00:00.000,6,3,2,12.5,74.50277458275936,,
2020-07-15 01:59:59.990,6,7,4,14.0,72.68229472134846,,
2020-07-15 02:59:59.985,6,9,6,16.0,77.57914234029944,,
2020-07-15 03:59:59.980,6,6,4,16.0,79.45832274943858,,
2020-07-15 04:59:59.975,6,5,7,18.0,70.41714785790738,,
2020-07-15 05:59:59.970,6,10,1,12.0,76.1786006140428,,
2020-07-15 06:59:59.965,6,3,7,13.0,68.73439074924993,,
2020-07-15 07:59:59.960,6,3,1,15.0,76.63857907080323,,
2020-07-15 08:59:59.955,6,10,7,16.0,78.11957431137199,,
2020-07-15 09:59:59.950,6,7,1,16.0,73.48345308829055,,
2020-07-15 10:59:59.945,6,5,4,19.0,84.98555466386345,,
2020-07-15 11:59:59.940,6,2,3,12.0,71.51988710140029,,
2020-07-15 12:59:59.935,6,2,2,12.5,81.18894838581443,,
2020-07-15 13:59:59.930,6,5,5,14.0,78.8347120739129,,
2020-07-15 14:59:59.925,6,6,2,16.0,81.46786766360107,,
2020-07-15 15:59:59.920,6,4,4,16.0,78.13239822146089,,
2020-07-15 16:59:59.915,6,7,2,18.0,76.20396159145913,,
2020-07-15 17:59:59.910,6,8,1,12.0,84.00905144619078,,
2020-07-15 18:59:59.905,6,4,4,13.0,77.73866667852123,,
2020-07-15 19:59:59.900,6,9,3,15.0,78.09898085698478,,
2020-07-15 20:59:59.895,6,6,2,16.0,78.12794387434501,,
2020-07-15 21:59:59.890,6,5,3,16.0,79.95993064817584,,
2020-07-15 22:59:59.885,6,3,1,19.0,80.5331241316889,,
2020-07-15 23:59:59.880,6,4,6,12.0,82.08961554919742,,
2020-07-16 00:59:59.875,6,4,1,12.5,71.03159210865387,,
2020-07-16 01:59:59.870,6,2,4,14.0,74.62910969198131,,
2020-07-16 02:59:59.865,6,10,7,16.0,79.80521723609932,,
2020-07-16 03:59:59.860,6,4,1,16.0,83.08211685182451,,
2020-07-16 04:59:59.855,6,6,4,18.0,70.37025676782032,,
2020-07-16 05:59:59.850,6,8,4,12.0,71.7275629737978,,
2020-07-16 06:59:59.845,6,3,2,13.0,79.25301996204314,,
2020-07-16 07:59:59.840,6,2,4,15.0,75.55858802296399,,
2020-07-16 08:59:59.835,6,4,2,16.0,77.2495126677387,,
2020-07-16 09:59:59.830,6,4,6,16.0,83.97756984454824,,
2020-07-16 10:59:59.825,6,9,3,19.0,74.06876650719435,,
2020-07-16 11:59:59.820,6,3,5,12.0,77.98539074195622,,
2020-07-16 12:59:59.815,6,3,4,12.5,83.57385879410273,,
2020-07-16 13:59:59.810,6,3,6,14.0,78.70671218810658,,
2020-07-16 14:59:59.805,6,6,5,16.0,82.73888358359216,,
2020-07-16 15:59:59.800,6,3,9,16.0,70.0,,
2020-07-16 16:59:59.795,6,2,1,18.0,71.23851900968423,,
2020-07-16 17:59:59.790,6,3,4,12.0,85.065073177209,,
2020-07-16 18:59:59.785,6,5,6,13.0,77.06503817143195,,
2020-07-16 19:59:59.780,6,10,5,15.0,78.49663427550567,,
2020-07-16 20:59:59.775,6,3,3,16.0,77.39284924093332,,
2020-07-16 21:59:59.770,6,4,4,16.0,78.17763598210136,,
2020-07-16 22:59:59.765,6,8,5,19.0,75.13453923540511,,
2020-07-16 23:59:59.760,6,8,2,12.0,76.10682098668208,,
2020-07-17 00:59:59.755,6,3,2,12.5,75.20579659469152,,
2020-07-17 01:59:59.750,6,5,6,14.0,77.14002284404712,,
2020-07-17 02:59:59.745,6,9,6,16.0,79.57893952901553,,
2020-07-17 03:59:59.740,6,8,1,16.0,78.76060148223627,,
2020-07-17 04:59:59.735,6,6,3,18.0,84.79713793202872,,
2020-07-17 05:59:59.730,6,2,2,12.0,77.48783635164307,,
2020-07-17 06:59:59.725,6,6,5,13.0,79.88225814930365,,
2020-07-17 07:59:59.720,6,5,1,15.0,76.22314431475247,,
2020-07-17 08:59:59.715,6,8,2,16.0,79.6294303560392,,
2020-07-17 09:59:59.710,6,4,7,16.0,83.2258090296378,,
2020-07-17 10:59:59.705,6,8,3,19.0,72.29177914645238,,
2020-07-17 11:59:59.700,6,4,3,12.0,82.6061586585259,,
2020-07-17 12:59:59.695,6,9,2,12.5,78.53939107670897,,
2020-07-17 13:59:59.690,6,7,3,14.0,74.73200349101498,,
2020-07-17 14:59:59.685,6,7,5,16.0,86.24722197175657,,
2020-07-17 15:59:59.680,6,3,3,16.0,74.55675133291578,,
2020-07-17 16:59:59.675,6,2,5,18.0,80.53301527563919,,
2020-07-17 17:59:59.670,6,8,4,12.0,80.05048559517364,,
2020-07-17 18:59:59.665,6,2,2,13.0,78.915610463232,,
2020-07-17 19:59:59.660,6,10,1,15.0,76.86004617845504,,
2020-07-17 20:59:59.655,6,6,3,16.0,81.04851044796158,,
2020-07-17 21:59:59.650,6,8,6,16.0,75.2975771670917,,
2020-07-17 22:59:59.645,6,5,7,19.0,69.91187227663109,,
2020-07-17 23:59:59.640,6,7,6,12.0,78.12060736477517,,
2020-07-18 00:59:59.635,6,6,5,12.5,79.83944334952903,,
2020-07-18 01:59:59.630,6,8,4,14.0,74.46087194914553,,
2020-07-18 02:59:59.625,6,9,5,16.0,67.35007045576997,,
2020-07-18 03:59:59.620,6,8,1,16.0,77.91096539315996,,
2020-07-18 04:59:59.615,6,8,4,18.0,75.4118111553174,,
2020-07-18 05:59:59.610,6,5,2,12.0,68.37058024840525,,
2020-07-18 06:59:59.605,6,9,4,13.0,75.68483112848257,,
2020-07-18 07:59:59.600,6,5,5,15.0,86.86963652651889,,
2020-07-18 08:59:59.595,6,7,4,16.0,69.45548970868914,,
2020-07-18 09:59:59.590,6,10,3,16.0,77.99843858752617,,
2020-07-18 10:59:59.585,6,4,5,19.0,80.45215058279528,,
2020-07-18 11:59:59.580,6,7,2,12.0,79.17960764974454,,
2020-07-18 12:59:59.575,6,10,5,12.5,72.93828829707059,,
2020-07-18 13:59:59.570,6,2,7,14.0,82.19733999511017,,
2020-07-18 14:59:59.565,6,6,4,16.0,69.18752691839087,,
2020-07-18 15:59:59.560,6,4,6,16.0,75.28173215057706,,
2020-07-18 16:59:59.555,6,2,2,18.0,81.66956204442688,,
2020-07-18 17:59:59.550,6,3,3,12.0,69.97973881457861,,
2020-07-18 18:59:59.545,6,2,5,13.0,71.25371025690974,,
2020-07-18 19:59:59.540,6,9,3,15.0,76.14378964782327,,
2020-07-18 20:59:59.535,6,10,4,16.0,74.15062596603883,,
2020-07-18 21:59:59.530,6,8,2,16.0,69.06247438695937,,
2020-07-18 22:59:59.525,6,7,6,19.0,75.45460199867273,,
2020-07-18 23:59:59.520,6,4,3,12.0,71.68463990126597,,
2020-07-19 00:59:59.515,6,8,6,12.5,80.4861015903182,,
2020-07-19 01:59:59.510,6,9,4,14.0,72.62281852747725,,
2020-07-19 02:59:59.505,6,7,1,16.0,78.98107362625024,,
2020-07-19 03:59:59.505,6,10,4,16.0,79.39554858208383,,
2020-07-19 04:59:59.505,6,4,2,18.0,80.94382394847968,,
2020-07-19 05:59:59.505,6,4,5,12.0,67.48874681174341,,
2020-07-19 06:59:59.505,6,2,7,13.0,72.28340102352102,,
2020-07-19 07:59:59.505,6,5,5,15.0,73.41725044159311,,
2020-07-19 08:59:59.505,6,5,3,16.0,74.5690908911381,,
2020-07-19 09:59:59.505,6,6,7,16.0,83.28088864668636,,
2020-07-19 10:59:59.505,6,9,6,19.0,80.33807688308876,,
2020-07-19 11:59:59.505,6,4,6,12.0,65.61811747090036,,
2020-07-19 12:59:59.505,6,4,8,12.5,60.0,,
2020-07-19 13:59:59.505,6,5,2,14.0,80.34940770494126,,
2020-07-19 14:59:59.505,6,5,8,16.0,75.03084057523947,,
2020-07-19 15:59:59.505,6,9,4,16.0,77.08005964707218,,
2020-07-19 16:59:59.505,6,10,6,18.0,75.69248730362692,,
2020-07-19 17:59:59.505,6,8,3,12.0,77.76548058074917,,
2020-07-19 18:59:59.505,6,3,5,13.0,74.36341059086797,,
2020-07-19 19:59:59.505,6,10,7,15.0,71.9251609407146,,
2020-07-19 20:59:59.505,6,6,6,16.0,72.05110440990312,,
2020-07-19 21:59:59.505,6,5,1,16.0,78.79148689214793,,
2020-07-19 22:59:59.505,6,8,1,19.0,74.71324563774843,,
2020-07-19 23:59:59.505,6,5,4,12.0,70.14139022708572,,
2020-07-20 00:59:59.505,6,2,2,12.5,80.95587823706639,,
2020-07-20 01:59:59.505,6,9,2,14.0,78.59982845283142,,
2020-07-20 02:59:59.505,6,10,1,16.0,79.38116094949531,,
2020-07-20 03:59:59.505,6,7,2,16.0,72.9040980747232,,
2020-07-20 04:59:59.505,6,6,4,18.0,77.92534502444525,,
2020-07-20 05:59:59.505,6,8,4,12.0,73.67249466384573,,
2020-07-20 06:59:59.505,6,9,7,13.0,70.00379267818133,,
2020-07-20 07:59:59.505,6,6,7,15.0,74.70669414741376,,
2020-07-20 08:59:59.505,6,8,6,16.0,69.55824937203,,
2020-07-20 09:59:59.505,6,9,7,16.0,78.92181551208226,,
2020-07-20 10:59:59.505,6,9,3,19.0,70.88049515272795,,
2020-07-20 11:59:59.505,6,3,4,12.0,72.87462661864268,,
2020-07-20 12:59:59.505,6,9,3,12.5,78.37117371302197,,
2020-07-20 13:59:59.505,6,3,7,14.0,72.45675240808586,,
2020-07-20 14:59:59.505,6,4,1,16.0,73.90112812334004,,
2020-07-20 15:59:59.505,6,10,4,16.0,78.52950921438854,,
2020-07-20 16:59:59.505,6,5,1,18.0,78.91816552390995,,
2020-07-20 17:59:59.505,6,10,5,12.0,77.84421410722241,,
2020-07-20 18:59:59.505,6,7,7,13.0,72.9212861178132,,
2020-07-20 19:59:59.505,6,9,1,15.0,73.03837348009328,,
2020-07-20 20:59:59.505,6,8,6,16.0,71.72635205033045,,
2020-07-20 21:59:59.505,6,6,1,16.0,80.32377906261148,,
2020-07-20 22:59:59.505,6,2,3,19.0,78.85946576332037,,
2020-07-20 23:59:59.505,6,8,7,12.0,80.23637274226448,,
2020-07-21 00:59:59.505,6,10,5,12.5,74.52830117090312,,
2020-07-21 01:59:59.505,6,8,6,14.0,85.20950022166966,,
2020-07-21 02:59:59.505,6,6,3,16.0,75.73051484693383,,
2020-07-21 03:59:59.505,6,8,6,16.0,72.20234708001243,,
2020-07-21 04:59:59.505,6,8,7,18.0,70.96492692146278,,
2020-07-21 05:59:59.505,6,8,7,12.0,72.92095153586439,,
2020-07-21 06:59:59.505,6,10,4,13.0,79.8854228642088,,
2020-07-21 07:59:59.505,6,5,1,15.0,81.17040981187289,,
2020-07-21 08:59:59.505,6,4,1,16.0,83.36655151012462,,
2020-07-21 09:59:59.505,6,10,4,16.0,80.04044269763617,,
2020-07-21 10:59:59.505,6,2,5,19.0,66.4649192403457,,
2020-07-21 11:59:59.505,6,3,4,12.0,78.11092518549862,,
2020-07-21 12:59:59.505,6,4,2,12.5,78.96356998932282,,
2020-07-21 13:59:59.505,6,6,4,14.0,82.18017805132271,,
2020-07-21 14:59:59.505,6,6,6,16.0,73.83521798095794,,
2020-07-21 15:59:59.505,6,5,4,16.0,84.1503505199527,,
2020-07-21 16:59:59.505,6,10,7,18.0,77.94707935926552,,
2020-07-21 17:59:59.505,6,3,4,12.0,74.44450116857749,,
2020-07-21 18:59:59.505,6,6,5,10.0,71.49366776260513,,
2020-07-21 19:59:59.505,6,6,4,15.0,68.08835093841344,,
2020-07-21 20:59:59.505,6,7,8,11.0,79.37595749562762,,
2020-07-21 21:59:59.505,6,6,7,16.0,80.7544160764441,,
2020-07-21 22:59:59.505,6,4,4,19.0,80.60488720355838,,
